Rent,Deposit,DoB,Meterage,FloorNum,Area,District,NoB,Elevator,Parking,Storage,Balcony,link
25000000,450000000,1404,130,2,گلسار,1,3,1,1,1,0,https://divar.ir/v/%DB%B3-%D8%AE%D9%88%D8%A7%D8%A8-%D9%86%D9%88%D8%B3%D8%A7%D8%B2-%DB%B3-%D8%A8%D8%B1-%D8%AF%DB%8C%D9%84%D9%85%D8%A7%D9%86-%D8%A7%D9%88%D9%84-%D8%AD%D8%B3%D8%A7%D8%A8%DB%8C/AaHsHAhh
8000000,200000000,1391,75,2,آزادگان,4,2,1,1,1,0,https://divar.ir/v/%D8%A7%D8%AC%D8%A7%D8%B1%D9%87-%D8%A7%D9%BE%D8%A7%D8%B1%D8%AA%D9%85%D8%A7%D9%86-2%D8%B7%D8%A8%D9%82%D9%87-2%D9%88%D8%A7%D8%AD%D8%AF-%D9%82%D9%84%DB%8C-%D9%BE%D9%88%D8%B1/AaGcHOJd
3000000,400000000,1385,80,3,استقامت,2,2,0,1,1,0,https://divar.ir/v/%D8%A2%D9%BE%D8%A7%D8%B1%D8%AA%D9%85%D8%A7%D9%86-%DB%B8%DB%B0%D9%85%D8%AA%D8%B1%DB%8C-%D8%AF%D9%88-%D8%AE%D9%88%D8%A7%D8%A8-%D8%B7%D8%A8%D9%82%D9%87-%DB%B3-%D8%A7%D8%B3%D8%AA%D9%82%D8%A7%D9%85%D8%AA%DB%B1/AaJIQu6u
6000000,150000000,1395,100,1,استقامت,2,1,0,1,1,0,https://divar.ir/v/%D8%B7%D8%A8%D9%82%D9%87-%D8%A7%D9%88%D9%84-%D8%A8%D8%A7-%D9%BE%D8%A7%D8%B1%DA%A9%DB%8C%D9%86%DA%AF-%D8%A7%D8%AE%D8%AA%D8%B5%D8%A7%D8%B5%DB%8C-%D8%A8%D8%A7-%D8%AE%D8%AF%D9%85%D8%A7%D8%AA-%D8%B4%D9%87%D8%B1%DB%8C/AaaAn3gA
7500000,320000000,1380,116,1,اسماعیل آباد,1,2,0,1,1,0,https://divar.ir/v/%D8%A7%D8%AC%D8%A7%D8%B1%D9%87-%D8%A2%D9%BE%D8%A7%D8%B1%D8%AA%D9%85%D8%A7%D9%86-%DB%B1%DB%B1%DB%B6-%D9%85%D8%AA%D8%B1%DB%8C-%DB%B2-%D8%AE%D9%88%D8%A7%D8%A8%D9%87-%D9%87%D9%85%DA%A9%D9%81/AaHs3QAd
6000000,250000000,1401,85,2,اسماعیل آباد,1,2,0,0,0,0,https://divar.ir/v/%D8%A7%D8%AC%D8%A7%D8%B1%D9%87-%D8%A2%D9%BE%D8%A7%D8%B1%D8%AA%D9%85%D8%A7%D9%86-%DB%B8%DB%B5-%D9%85%D8%AA%D8%B1%DB%8C-%D8%AF%D8%B1-%D8%AE%DB%8C%D8%A7%D8%A8%D8%A7%D9%86-%D8%A7%D8%B1%D8%B4%D8%A7%D8%AF-%D8%A7%D9%86%D8%B5%D8%A7%D8%B1%DB%8C/wZyvjxl5
7000000,200000000,1385,78,4,انصاری,1,2,1,1,1,0,https://divar.ir/v/%D8%A7%D8%AC%D8%A7%D8%B1%D9%87-%DB%B7%DB%B8-%D9%85%D8%AA%D8%B1%DB%8C-%D8%A7%D9%86%D8%B5%D8%A7%D8%B1%DB%8C-%D9%81%D8%B1%D8%B2%D8%A7%D9%86%D9%87/AaFg--oT
4000000,500000000,1386,90,3,انصاری,1,2,0,1,1,0,https://divar.ir/v/%D8%A7%D8%AC%D8%A7%D8%B1%D9%87-%D8%A2%D9%BE%D8%A7%D8%B1%D8%AA%D9%85%D8%A7%D9%86-%DB%B9%DB%B0-%D9%85%D8%AA%D8%B1%DB%8C-%D8%AF%D8%B1-%D8%A8%D9%87%D8%A7%D8%B1%D8%A7%D9%86/AaJUgVCz
5000000,350000000,1390,70,1,باهنر,4,2,1,0,1,0,https://divar.ir/v/%D8%A2%D9%BE%D8%A7%D8%B1%D8%AA%D9%85%D8%A7%D9%86-%DB%B7%DB%B0-%D9%85%D8%AA%D8%B1%DB%8C/AaGcBq0y
5500000,350000000,1403,100,1,باهنر,4,2,1,1,1,0,https://divar.ir/v/%D8%A7%D8%AC%D8%A7%D8%B1%D9%87-%D8%A2%D9%BE%D8%A7%D8%B1%D8%AA%D9%85%D8%A7%D9%86-100%D9%85%D8%AA%D8%B1%DB%8C-%D8%A8%D8%A7-%D9%BE%D8%A7%D8%B1%DA%A9%DB%8C%D9%86%DA%AF/AaMw_8zt
2000000,400000000,1400,80,3,باهنر,4,2,1,1,1,0,https://divar.ir/v/%D8%A7%D8%AC%D8%A7%D8%B1%D9%87-%D8%A2%D9%BE%D8%A7%D8%B1%D8%AA%D9%85%D8%A7%D9%86-%DB%B8%DB%B0-%D9%85%D8%AA%D8%B1%DB%8C-%DB%B2-%D8%AE%D9%88%D8%A7%D8%A8-%DA%A9%D9%88%DA%86%D9%87-%D8%A7%D9%85%DB%8C%D8%AF/AaXg44Ol
7000000,400000000,1400,97,1,باهنر,4,2,1,1,0,1,https://divar.ir/v/%D8%A7%D8%AC%D8%A7%D8%B1%D9%87-%D8%A2%D9%BE%D8%A7%D8%B1%D8%AA%D9%85%D8%A7%D9%86-%DB%B9%DB%B7-%D9%85%D8%AA%D8%B1%DB%8C-%DB%B2-%D8%AE%D9%88%D8%A7%D8%A8%D9%87-%D8%AF%D8%B1-%D8%A8%D8%A7%D9%87%D9%86%D8%B1/AaJExNtt
35000000,3000000000,1398,230,5,بلوار سمیه,2,3,1,1,1,1,https://divar.ir/v/%D8%A2%D9%BE%D8%A7%D8%B1%D8%AA%D9%85%D8%A7%D9%86-%D9%81%D9%88%D9%84-%D8%A7%D9%85%DA%A9%D8%A7%D9%86%D8%A7%D8%AA-%D9%88%D9%87%D9%88%D8%B4%D9%85%D9%86%D8%AF/AaHUaUKc
15000000,700000000,1401,125,1,بلوار گیلان,4,2,1,1,1,0,https://divar.ir/v/%D8%A7%D8%AC%D8%A7%D8%B1%D9%87-%D8%A7%D8%B3%D8%AA%D8%A7%D8%AF-%D9%85%D8%B9%DB%8C%D9%86-125-%D9%85%D8%AA%D8%B1-2%D8%AE%D9%88%D8%A7%D8%A8/AaHUJX2w
13000000,200000000,1388,90,4,بلوار گیلان,4,2,0,0,1,0,https://divar.ir/v/%D8%AA%D8%A7%D9%BE-%D9%84%D9%88%DA%A9%DB%8C%D8%B4%D9%86-%D8%A8%D9%84%D9%88%D8%A7%D8%B1-%DA%AF%DB%8C%D9%84%D8%A7%D9%86-90-%D9%85%D8%AA%D8%B1-2-%D8%AE%D9%88%D8%A7%D8%A8-%D8%A7%D8%AC%D8%A7%D8%B1%D9%87/AaHEJ04f
70000000,4000000000,1404,300,1,بلوار گیلان,4,2,0,1,1,1,https://divar.ir/v/%D8%B1%D9%87%D9%86-%D9%88-%D8%A7%D8%AC%D8%A7%D8%B1%D9%87-%D9%88%DB%8C%D9%84%D8%A7%DB%8C%DB%8C-300-%D9%85%D8%AA%D8%B1%DB%8C/AaF4CTFx
14000000,250000000,1389,100,3,پارک شهر,1,2,0,1,1,1,https://divar.ir/v/%D8%B1%D9%87%D9%86-%D9%88-%D8%A7%D8%AC%D8%A7%D8%B1%D9%87-%DB%B2-%D8%AE%D9%88%D8%A7%D8%A8-%D9%BE%D8%A7%D8%B1%DA%A9-%D8%B4%D9%87%D8%B1-%D8%AA%DA%A9-%D9%88%D8%A7%D8%AD%D8%AF%DB%8C/AaFke_9R
12000000,300000000,1380,110,2,پارک شهر,1,2,0,1,1,1,https://divar.ir/v/%D8%A2%D9%BE%D8%A7%D8%B1%D8%AA%D9%85%D8%A7%D9%86-%DB%B1%DB%B0%DB%B0-%D9%85%D8%AA%D8%B1%DB%8C-%D8%AF%D8%B1-%D9%BE%D8%A7%D8%B1%DA%A9-%D8%B4%D9%87%D8%B1/AahkNT8x
1000000,400000000,1396,82,2,پل تالشان,5,2,0,1,1,0,
8500000,300000000,1398,100,1,پل تالشان,5,2,0,1,1,0,https://divar.ir/v/%D8%A7%D8%AC%D8%A7%D8%B1%D9%87-%D8%A2%D9%BE%D8%A7%D8%B1%D8%AA%D9%85%D8%A7%D9%86-%DB%B1%DB%B0%DB%B0-%D9%85%D8%AA%D8%B1%DB%8C-%DB%B2-%D8%AE%D9%88%D8%A7%D8%A8%D9%87-%D8%B7%D8%A8%D9%82%D9%87-%D8%A7%D9%88%D9%84/AaGUCRpM
3000000,350000000,1397,75,4,پل تالشان,5,2,1,0,1,1,https://divar.ir/v/%D8%A7%D8%AC%D8%A7%D8%B1%D9%87-%D8%A2%D9%BE%D8%A7%D8%B1%D8%AA%D9%85%D8%A7%D9%86-%D9%81%D9%88%D9%84-%D8%A7%D9%85%DA%A9%D8%A7%D9%86%D8%A7%D8%AA-%D9%85%D8%B3%DA%A9%D9%86-%D9%85%D9%87%D8%B1/AaDg1jFQ
10000000,500000000,1370,100,1,پل تالشان,5,3,0,0,0,0,https://divar.ir/v/%D8%A7%D8%AC%D8%A7%D8%B1%D9%87-%D8%AE%D8%A7%D9%86%D9%87-%D9%88%DB%8C%D9%84%D8%A7%DB%8C%DB%8C/AaaUXar3
1000000,220000000,1395,75,1,پل تالشان,5,2,0,0,1,0,https://divar.ir/v/%D8%A7%D8%AC%D8%A7%D8%B1%D9%87-%D8%A2%D9%BE%D8%A7%D8%B1%D8%AA%D9%85%D8%A7%D9%86-%DB%B7%DB%B5-%D9%85%D8%AA%D8%B1%DB%8C-%DB%B2-%D8%AE%D9%88%D8%A7%D8%A8%D9%87-%D8%B7%D8%A8%D9%82%D9%87-%DB%B1-%D8%AF%D8%B1-%D9%BE%D9%84-%D8%AA%D8%A7%D9%84%D8%B4%D8%A7%D9%86/Aahgd_uO
3000000,400000000,1402,90,2,پیرکلاچای,3,2,1,1,1,1,https://divar.ir/v/%D8%A7%D9%85%D8%A7%D9%85-%D8%AD%D8%B3%DB%8C%D9%86-%D9%86%DB%8C%D8%B1%D9%88%DB%8C-%D8%AF%D8%B1%DB%8C%D8%A7%DB%8C%DB%8C-%DB%B3%D8%B7%DB%B6%D9%88-%DB%B2%D9%BE%D8%A7%D8%B1%DA%A9%DB%8C%D9%86%DA%AF-%D9%81%D9%88%D9%84-%D8%A7%D9%85%DA%A9%D8%A7%D9%86%D8%A7%D8%AA/wZoHSUjW
1000000,320000000,1390,84,2,پیرکلاچای,3,2,0,1,1,0,https://divar.ir/v/%D8%A7%D8%AC%D8%A7%D8%B1%D9%87-%D8%A2%D9%BE%D8%A7%D8%B1%D8%AA%D9%85%D8%A7%D9%86-%DB%B8%DB%B4-%D9%85%D8%AA%D8%B1%DB%8C-%DB%B2-%D8%AE%D9%88%D8%A7%D8%A8%D9%87-%D8%B7%D8%A8%D9%82%D9%87-%DB%B2-%D8%AF%D8%B1-%D9%BE%DB%8C%D8%B1%DA%A9%D9%84%D8%A7%DA%86%D8%A7%DB%8C/AaHArPp5
3000000,250000000,1391,85,1,پیرکلاچای,3,2,0,1,1,0,https://divar.ir/v/%D8%A7%D8%AC%D8%A7%D8%B1%D9%87-%D8%A2%D9%BE%D8%A7%D8%B1%D8%AA%D9%85%D8%A7%D9%86-%DB%B8%DB%B5-%D9%85%D8%AA%D8%B1-%D8%AF%D8%B1-%D8%A8%D9%84%D9%88%D8%A7%D8%B1%D9%85%D8%AF%D8%B1%D8%B3-%D9%BE%D8%B4%D8%AA-%D9%87%D8%A7%D9%BE%DB%8C%D8%B1-%D8%A7%D8%AD%D9%85%D8%AF%DB%8C/AaWs3YJf
8000000,200000000,1390,85,1,توشیبا,5,2,0,0,1,0,https://divar.ir/v/%D8%A7%D8%AC%D8%A7%D8%B1%D9%87-%D8%A2%D9%BE%D8%A7%D8%B1%D8%AA%D9%85%D8%A7%D9%86-%DB%B8%DB%B5-%D9%85%D8%AA%D8%B1%DB%8C-%DB%B2-%D8%AE%D9%88%D8%A7%D8%A8%D9%87-%D8%B7%D8%A8%D9%82%D9%87-%DB%B1-%D8%AF%D8%B1-%D8%AA%D9%88%D8%B4%DB%8C%D8%A8%D8%A7/AaWgoI36
15000000,250000000,1390,70,3,جماران,5,2,1,0,1,0,
3000000,350000000,1401,70,1,جهاد,3,1,0,1,0,0,https://divar.ir/v/%D8%A7%D8%AC%D8%A7%D8%B1%D9%87-%D8%AE%D8%A7%D9%86%D9%87-%D9%88%DB%8C%D9%84%D8%A7%DB%8C%DB%8C-%DB%B7%DB%B0-%D9%85%D8%AA%D8%B1%DB%8C-%DB%B1-%D8%AE%D9%88%D8%A7%D8%A8%D9%87-%D8%AF%D8%B1-%D8%AC%D9%87%D8%A7%D8%AF/wZ6LZ64f
8000000,300000000,1393,100,2,جهاد,2,2,0,1,1,0,https://divar.ir/v/%D8%B1%D9%87%D9%86-%DB%B1%DB%B0%DB%B0-%D9%85%D8%AA%D8%B1%DB%8C-%D8%AA%DA%A9-%D9%88%D8%A7%D8%AD%D8%AF%DB%8C-%D9%85%D8%B9%D9%84%D9%85-%D8%B3%D8%B1%DA%AF%D9%84-%D9%BE%D8%A7%D8%B1%DA%A9%DB%8C%D9%86%DA%AF-%D8%A7%D8%AE%D8%AA%D8%B5%D8%A7%D8%B5%DB%8C/AaYULkem
7000000,600000000,1390,100,3,چمارسرا,5,2,1,1,1,1,https://divar.ir/v/%D8%A2%D9%BE%D8%A7%D8%B1%D8%AA%D9%85%D8%A7%D9%86-%DB%B1%DB%B0%DB%B0%D9%85%D8%AA%D8%B1%DB%8C/AaGwniJv
5000000,100000000,1380,70,1,حافظ آباد,4,1,0,1,0,0,https://divar.ir/v/%D8%A7%D8%AC%D8%A7%D8%B1%D9%87-%D8%B3%D9%88%DB%8C%DB%8C%D8%AA-%D8%AD%DB%8C%D8%A7%D8%B7-%D8%AF%D8%A7%D8%B1/AaHkomoS
10000000,250000000,1395,75,2,حسین آباد,3,2,1,1,1,0,https://divar.ir/v/%D8%B1%D9%87%D9%86-%D9%88-%D8%A7%D8%AC%D8%A7%D8%B1%D9%87%DB%B7%DB%B5%D9%85%D8%AA%D8%B1-%D9%BE%D8%A7%D8%B1%DA%A9%DB%8C%D9%86%DA%AF-%D8%A7%D8%AE%D8%AA%D8%B5%D8%A7%D8%B5%DB%8C-%D9%82%D8%A7%D8%A8%D9%84-%D8%AA%D8%A8%D8%AF%DB%8C%D9%84/AaHg1w_P
7000000,120000000,1395,55,1,حمیدیان,4,1,0,0,1,0,https://divar.ir/v/%D8%A7%D8%AC%D8%A7%D8%B1%D9%87-%D8%A2%D9%BE%D8%A7%D8%B1%D8%AA%D9%85%D8%A7%D9%86-%D8%AF%D8%B1%D8%A8%D8%B3%D8%AA-%DB%B5%DB%B5%D9%85%D8%AA%D8%B1%DB%8C-1%D8%AE%D9%88%D8%A7%D8%A8-%D8%B7%D8%A8%D9%82%D9%871-%D8%A8%D9%87-%D8%AD%D9%85%DB%8C%D8%AF%DB%8C%D8%A7%D9%86/AaDkliyf
4000000,150000000,1395,70,1,حمیدیان,4,2,0,0,1,0,https://divar.ir/v/%D8%A7%D8%AC%D8%A7%D8%B1%D9%87-%D8%B7%D8%A8%D9%82%D9%87-%D8%A7%D9%88%D9%84-%D8%AF%D9%88%D8%AE%D9%88%D8%A7%D8%A8-%D8%AE%D9%88%D8%A7%D8%A8-%D8%AF%D8%B1%D8%AD%D9%85%DB%8C%D8%AF%DB%8C%D8%A7%D9%86-%DA%AF%D9%84%D8%B3%D8%AA%D8%A7%D9%86/AaA86VFH
2000000,290000000,1399,85,3,حمیدیان,4,2,0,1,1,0,https://divar.ir/v/%D8%A7%D8%AC%D8%A7%D8%B1%D9%87-%D8%A2%D9%BE%D8%A7%D8%B1%D8%AA%D9%85%D8%A7%D9%86-%D8%A8%D8%A7-%D9%BE%D8%A7%D8%B1%DA%A9%DB%8C%D9%86%DA%AF-%D8%A7%D9%82%D8%AF%D8%A7%D9%85%DB%8C-%D8%B7%D8%A8%D9%82%D9%87-%D8%B3%D9%88%D9%85/AaFcfqFo
4000000,200000000,1392,80,1,حمیدیان,4,2,0,1,1,0,https://divar.ir/v/%D8%B1%D9%87%D9%86-%D9%88-%D8%A7%D8%AC%D8%A7%D9%87-%D8%AD%D9%85%DB%8C%D8%AF%DB%8C%D8%A7%D9%86-%D8%AE%DB%8C%D8%A7%D8%A8%D8%A7%D9%86-%D8%AC%D9%85%D9%87%D9%88%D8%B1%DB%8C-80-%D9%85%D8%AA%D8%B1/wZ_T2b-6
4000000,200000000,1398,90,2,حمیدیان,4,2,0,1,1,0,https://divar.ir/v/%D8%B1%D9%87%D9%86-%D9%88-%D8%A7%D8%AC%D8%A7%D8%B1%D9%87-%D8%AD%D9%85%DB%8C%D8%AF%DB%8C%D8%A7%D9%86-%DA%AF%D9%84%D8%B3%D8%AA%D8%A7%D9%86-90-%D9%85%D8%AA%D8%B1/wZ2PAnOu
3000000,120000000,1390,55,1,حمیدیان,4,1,0,1,1,0,https://divar.ir/v/%D8%A7%D8%AC%D8%A7%D8%B1%D9%87-%D8%A2%D9%BE%D8%A7%D8%B1%D8%AA%D9%85%D8%A7%D9%86-%DB%B5%DB%B5-%D9%85%D8%AA%D8%B1%DB%8C-%DB%B1-%D8%AE%D9%88%D8%A7%D8%A8%D9%87-%D8%B7%D8%A8%D9%82%D9%87-%DB%B1-%D8%AF%D8%B1-%D8%AD%D9%85%DB%8C%D8%AF%DB%8C%D8%A7%D9%86/AaX8INJ_
3000000,170000000,1390,50,1,دخانیات,4,2,0,0,1,0,https://divar.ir/v/%D8%A7%D8%AC%D8%A7%D8%B1%D9%87-%D8%A2%D9%BE%D8%A7%D8%B1%D8%AA%D9%85%D8%A7%D9%86-%DB%B5%DB%B0-%D9%85%D8%AA%D8%B1%DB%8C-%DB%B2-%D8%AE%D9%88%D8%A7%D8%A8%D9%87-%D9%87%D9%85%DA%A9%D9%81-%D8%AF%D8%B1-%D8%AF%D8%AE%D8%A7%D9%86%DB%8C%D8%A7%D8%AA/AaFEdE0K
6000000,400000000,1385,75,2,دیلمان,2,2,0,0,1,0,https://divar.ir/v/%D8%A7%D8%AC%D8%A7%D8%B1%D9%87-%D8%A2%D9%BE%D8%A7%D8%B1%D8%AA%D9%85%D8%A7%D9%86-%DB%B7%DB%B5-%D9%85%D8%AA%D8%B1%DB%8C-%D8%B4%D9%87%D8%B1%DA%A9-%D8%A8%D9%87%D8%B4%D8%AA%DB%8C/wZjnrxFE
6000000,400000000,1385,75,2,دیلمان,2,2,0,0,1,0,https://divar.ir/v/%D8%A7%D8%AC%D8%A7%D8%B1%D9%87-%D8%A2%D9%BE%D8%A7%D8%B1%D8%AA%D9%85%D8%A7%D9%86-%DB%B7%DB%B5-%D9%85%D8%AA%D8%B1%DB%8C-%D8%B4%D9%87%D8%B1%DA%A9-%D8%A8%D9%87%D8%B4%D8%AA%DB%8C/wZjnrxFE
6000000,200000000,1392,100,2,دیلمان,2,2,1,1,1,0,https://divar.ir/v/%DB%B1%DB%B0%DB%B0%D9%85%D8%AA%D8%B1-%DB%B2%D8%AE%D9%88%D8%A7%D8%A8-%D9%86%D9%88%D8%B1%D8%B9%D8%A7%D9%84%DB%8C-%D8%AE%D9%88%D8%B4-%D9%82%DB%8C%D9%85%D8%AA/AaHUIVyx
10000000,700000000,1395,100,4,دیلمان,2,2,1,1,1,0,https://divar.ir/v/%DB%B1%DB%B0%DB%B0-%D9%85%D8%AA%D8%B1-%D8%AF%DB%8C%D9%84%D9%85%D8%A7%D9%86-%D8%AA%DA%A9-%D9%88%D8%A7%D8%AD%D8%AF-%DA%AF%D9%84%D8%B3%D8%AA%D8%A7%D9%86/AaHE6IzH
15000000,1300000000,1402,150,1,دیلمان,2,3,1,1,1,0,https://divar.ir/v/150-%D9%85%D8%AA%D8%B1-%D9%84%D9%88%DA%A9%DB%8C%D8%B4%D9%86-%D8%B9%D8%A7%D9%84%DB%8C-%D9%81%D9%88%D9%84-%D8%A7%D9%85%DA%A9%D8%A7%D9%86%D8%A7%D8%AA/wZ7nN42T
25000000,450000000,1404,120,2,دیلمان,2,3,1,1,1,0,https://divar.ir/v/%DB%B3-%D8%AE%D9%88%D8%A7%D8%A8-%D9%86%D9%88%D8%B3%D8%A7%D8%B2-%DB%B3-%D8%A8%D8%B1-%D8%AF%DB%8C%D9%84%D9%85%D8%A7%D9%86-%D8%A7%D9%88%D9%84-%D8%AD%D8%B3%D8%A7%D8%A8%DB%8C/AaHsHAhh
13000000,300000000,1394,100,3,دیلمان,2,2,1,1,1,0,https://divar.ir/v/%D8%A7%D8%AC%D8%A7%D8%B1%D9%87-%D8%A2%D9%BE%D8%A7%D8%B1%D8%AA%D9%85%D8%A7%D9%86-%DB%B1%DB%B0%DB%B0-%D9%85%D8%AA%D8%B1%DB%8C-%DB%B2-%D8%AE%D9%88%D8%A7%D8%A8%D9%87-%D8%AF%D8%B1-%D8%A7%D8%A8%D8%AA%D8%AF%D8%A7%DB%8C-%D8%A8%D9%87%D8%A7%D8%B1%D8%A7%D9%86/AaXcYeSb
8000000,200000000,1396,75,1,دیلمان,2,2,0,0,1,0,https://divar.ir/v/%D8%A7%D8%AC%D8%A7%D8%B1%D9%87-%D8%AE%D8%A7%D9%86%D9%87-%DB%B7%DB%B0-%D9%85%D8%AA%D8%B1%DB%8C-%D8%AF%D8%B1-%D8%AE%DB%8C%D8%A7%D8%A8%D8%A7%D9%86-%D8%B9%D8%B1%D9%81%D8%A7%D9%86/AaakX21R
20000000,1000000000,1397,135,2,دیلمان,2,3,1,1,1,0,https://divar.ir/v/%DB%B1%DB%B3%DB%B5%D9%85%D8%AA%D8%B1%DB%B3%D8%AE%D9%88%D8%A7%D8%A8-%D8%AA%DA%A9-%D9%88%D8%A7%D8%AD%D8%AF-%D9%81%D9%88%D9%84-%D8%A7%D9%85%DA%A9%D8%A7%D9%86%D8%A7%D8%AA-%D8%AF%DB%8C%D9%84%D9%85%D8%A7%D9%86-%DA%AF%D9%84%D8%B3%D8%A7%D8%B1/AaKkgwMY
6000000,300000000,1390,70,3,رشتیان,2,2,1,0,1,0,https://divar.ir/v/%D8%A7%D8%AC%D8%A7%D8%B1%D9%87-%DB%B7%DB%B0%D9%85%D8%AA%D8%B1%DB%8C-%DB%B2%D8%AE%D9%88%D8%A7%D8%A8-%D8%B1%D8%B4%D8%AA%DB%8C%D8%A7%D9%86/wZwfMuc_
4000000,350000000,1388,77,1,رودبارتان,2,2,0,1,1,0,
4000000,400000000,1395,77,2,رودبارتان,2,2,0,1,1,1,
4500000,200000000,1401,80,3,سلیمانداراب,2,2,0,0,1,0,https://divar.ir/v/%D8%A2%D9%BE%D8%A7%D8%B1%D8%AA%D9%85%D8%A7%D9%86%DB%B2%D8%AE%D9%88%D8%A7%D8%A8-%DA%A9%D9%81-%D8%B3%D8%B1%D8%A7%D9%85%DB%8C%DA%A9/wZu_VUVA
4000000,200000000,1391,55,1,سلیمانداراب,2,1,0,1,0,0,https://divar.ir/v/%D8%A7%D8%AC%D8%A7%D8%B1%D9%87-%D8%AE%D8%A7%D9%86%D9%87-%D9%88%D8%AF%DB%8C%D8%B9%D9%87-200%D9%85%DB%8C%D9%84%DB%8C%D9%88%D9%86-%DA%A9%D8%B1%D8%A7%DB%8C%D9%87-4%D9%85%DB%8C%D9%84%DB%8C%D9%88%D9%86-%D8%AA%D9%88%D9%85%D8%A7%D9%86/AaJwvsYR
3000000,300000000,1380,86,1,شهرک صبا,2,2,0,1,1,0,https://divar.ir/v/%DB%B8%DB%B4%D9%85%D8%AA%D8%B1%DB%8C-%D8%AF%D9%88%D8%AE%D9%88%D8%A7%D8%A8%D9%87-%DA%A9%D8%A7%D9%85%D9%84%D8%A7-%D8%B4%D8%AE%D8%B5%DB%8C/AaGYRitk
2000000,700000000,1383,110,4,ضیابری,2,3,0,0,1,1,https://gilan-amlak.com/property/%D8%B1%D9%87%D9%86-%D8%A2%D9%BE%D8%A7%D8%B1%D8%AA%D9%85%D8%A7%D9%86-%D8%AF%D9%88%D8%A8%D9%84%DA%A9%D8%B3-%D8%B6%DB%8C%D8%A7%D8%A8%D8%B1%DB%8C-1
10500000,250000000,1388,78,1,علی آباد,3,2,0,1,1,0,https://divar.ir/v/%D9%85%D8%B9%D9%84%D9%85-%D8%B5%D9%81%D8%A7%D8%B1%DB%8C-%D9%86%DB%8C%DA%A9%D9%85%D8%B1%D8%A7%D9%85-%DB%B8%DB%B5%D9%85%D8%AA%D8%B1-%D8%B7%D8%A8%D9%82%D9%87-%D8%A7%D9%88%D9%84/AaXII1OZ
5000000,250000000,1401,70,2,فخب,3,2,0,1,1,0,https://divar.ir/v/%D8%A7%D8%AC%D8%A7%D8%B1%D9%87-%D8%A2%D9%BE%D8%A7%D8%B1%D8%AA%D9%85%D8%A7%D9%86-%DB%B7%DB%B0-%D9%85%D8%AA%D8%B1%DB%8C-%DB%B2-%D8%AE%D9%88%D8%A7%D8%A8%D9%87-%D8%B7%D8%A8%D9%82%D9%87-%DB%B2-%D8%AF%D8%B1-%D9%81%D8%AE%D8%A8/AaHwproR
14000000,300000000,1400,145,3,فلسطین,3,3,1,1,1,0,https://divar.ir/v/%D8%A7%D8%AC%D8%A7%D8%B1%D9%87-3%D8%AE%D9%88%D8%A7%D8%A8-%D8%A8%D8%B2%D8%B1%DA%AF-%D9%81%D9%84%D8%B3%D8%B7%DB%8C%D9%86/AaGs3HF1
4000000,200000000,1387,75,3,فلسطین,3,2,0,1,1,1,https://divar.ir/v/%D8%A7%D8%AC%D8%A7%D8%B1%D9%87-%D8%A2%D9%BE%D8%A7%D8%B1%D8%AA%D9%85%D8%A7%D9%86-%D8%AF%D9%88-%D8%AE%D9%88%D8%A7%D8%A8%D9%87-%D8%B3%D9%87-%D8%B1%D8%A7%D9%87-%D9%BE%D8%A7%D8%B3%D8%AA%D9%88%D8%B1%DB%8C%D8%B2%D9%87-%D9%81%D9%84%D8%B3%D8%B7%DB%8C%D9%86/wZ_vmDIF
6000000,220000000,1388,75,1,فلسطین,3,2,0,0,0,0,https://divar.ir/v/%D8%A7%D8%AC%D8%A7%D8%B1%D9%87-%D9%88%D8%A7%D8%AD%D8%AF-%D8%AF%D9%88-%D8%AE%D9%88%D8%A7%D8%A8-%D8%B7%D8%A8%D9%82%D9%87-%D9%BE%D8%A7%DB%8C%DB%8C%D9%86-%DA%86%D9%85%D8%B1%D8%A7%D9%86/wZkv1CM6
6000000,300000000,1390,75,4,فلسطین,3,2,1,1,1,0,https://divar.ir/v/%D8%A7%D9%BE%D8%A7%D8%B1%D8%AA%D9%85%D8%A7%D9%86%DB%B7%DB%B5%D9%85%D8%AA%D8%B1%DB%8C-%D8%AF%D9%88%D8%AE%D9%88%D8%A7%D8%A8-%DA%86%D9%86%D8%AF-%D9%82%D8%AF%D9%85%DB%8C-%D9%81%D9%84%D8%B3%D8%B7%DB%8C%D9%86-%D8%A8%D8%A7%D9%86%DA%A9-%D9%85%D9%84%DB%8C/AaH4Jo_O
8000000,200000000,1385,95,4,فلسطین,3,2,0,1,1,0,https://divar.ir/v/%D8%A7%D8%AC%D8%A7%D8%B1%D9%87-%D9%88%D8%A7%D8%AD%D8%AF-%D8%A8%D8%B1-%D8%AE%DB%8C%D8%A7%D8%A8%D8%A7%D9%86-%D8%B1%D8%B3%D8%A7%D9%84%D8%AA/AaJcATf7
6000000,900000000,1392,80,2,کاکتوس,2,2,1,1,1,0,https://divar.ir/v/%DB%B8%DB%B0-%D9%85%D8%AA%D8%B1-%DB%B2-%D8%AE%D9%88%D8%A7%D8%A8-%DA%A9%D8%A7%DA%A9%D8%AA%D9%88%D8%B3/AaHUKEG8
3000000,400000000,1396,78,3,کوی جام جم,4,2,0,1,1,0,https://divar.ir/v/%D8%A7%D8%AC%D8%A7%D8%B1%D9%87-%D8%A2%D9%BE%D8%A7%D8%B1%D8%AA%D9%85%D8%A7%D9%86-%DB%B7%DB%B8-%D9%85%D8%AA%D8%B1%DB%8C-%DB%B2-%D8%AE%D9%88%D8%A7%D8%A8%D9%87/AaGMC5-j
7000000,200000000,1397,70,1,کوی فکوری,4,2,0,1,1,0,https://divar.ir/v/%D9%88%D8%A7%D8%AD%D8%AF-%DB%B2%D8%AE%D9%88%D8%A7%D8%A8%D9%87-%D8%AF%D8%B1-%D9%85%D9%87%D8%AF%DB%8C%D8%B2%D8%A7%D8%AF%D9%87/AaX8ICMh
5000000,150000000,1391,75,1,کوی قدس,4,2,0,0,1,0,https://divar.ir/v/%D8%A7%D8%AC%D8%A7%D8%B1%D9%87-%D8%A2%D9%BE%D8%A7%D8%B1%D8%AA%D9%85%D8%A7%D9%86-%DB%B7%DB%B5%D9%85%D8%AA%D8%B1%DB%8C-%D8%AF%D8%B1%D8%A8%D8%B3%D8%AA-%DB%B2%D8%AE%D9%88%D8%A7%D8%A8%D9%87-%D9%87%D9%85%DA%A9%D9%81-%D9%BE%D8%B4%D8%AA-%D8%A7%D8%AD%D9%85%D8%AF%DB%8C/AaFkUFRk
5000000,250000000,1398,75,1,کوی مهر,5,2,0,1,1,0,https://divar.ir/v/%D8%A7%D8%AC%D8%A7%D8%B1%D9%87-%D8%A2%D9%BE%D8%A7%D8%B1%D8%AA%D9%85%D8%A7%D9%86-%DB%B7%DB%B5-%D9%85%D8%AA%D8%B1%DB%8C-%DB%B2-%D8%AE%D9%88%D8%A7%D8%A8%D9%87-%D8%B7%D8%A8%D9%82%D9%87-%DB%B1-%D8%AF%D8%B1-%DA%A9%D9%88%DB%8C-%D9%85%D9%87%D8%B1/AaGEiajk
4000000,200000000,1395,60,1,گاز,3,2,0,1,1,0,https://divar.ir/v/%D8%A7%D8%AC%D8%A7%D8%B1%D9%87-%D8%AE%D9%88%D9%86%D9%87-%D8%AF%D8%B1-%DA%AF%D8%A7%D8%B2-%D8%AE%D8%A7%D9%84%DB%8C-%DB%B2-%D8%AE%D9%88%D8%A7%D8%A8/AaC0Rd-v
7000000,200000000,1397,78,3,گاز,3,3,1,1,1,0,https://divar.ir/v/%D8%A2%D9%BE%D8%A7%D8%B1%D8%AA%D9%85%D8%A7%D9%86-%DB%B2-%D8%AE%D9%88%D8%A7%D8%A8%D9%87-%D9%81%D9%84%DA%A9%D9%87-%DA%AF%D8%A7%D8%B2/AaXk4hka
5000000,400000000,1395,120,1,گلزاران,4,2,0,1,1,0,https://divar.ir/v/%D8%A7%D8%AC%D8%A7%D8%B1%D9%87-%D8%A2%D9%BE%D8%A7%D8%B1%D8%AA%D9%85%D8%A7%D9%86-%D9%88%DB%8C%D9%84%D8%A7%DB%8C%DB%8C-%DB%B1%DB%B2%DB%B0-%D9%85%D8%AA%D8%B1%DB%8C-%DB%B2-%D8%AE%D9%88%D8%A7%D8%A8%D9%87-%D8%AF%D8%B1-%DA%AF%D9%84%D8%B2%D8%A7%D8%B1%D8%A7%D9%86/AaHEpwus
5000000,300000000,1395,120,1,گلزاران,4,2,0,1,1,0,https://divar.ir/v/%D8%A7%D8%AC%D8%A7%D8%B1%D9%87-%D8%A2%D9%BE%D8%A7%D8%B1%D8%AA%D9%85%D8%A7%D9%86-%D9%88%DB%8C%D9%84%D8%A7%DB%8C%DB%8C%DB%B1%DB%B2%DB%B0-%D9%85%D8%AA%D8%B1%DB%B2-%D8%AE%D9%88%D8%A7%D8%A8%D9%87-%D8%AF%D8%B1-%D8%B3%DB%8C%D8%A7%D9%87-%D8%A7%D8%B3%D8%B7%D9%84%D8%AE/AaHEpwus
15000000,700000000,1401,125,1,گلسار,1,2,1,1,1,0,https://divar.ir/v/%D8%A7%D8%AC%D8%A7%D8%B1%D9%87-%D8%A7%D9%BE%D8%A7%D8%B1%D8%AA%D9%85%D8%A7%D9%86-%DB%B1%DB%B2%DB%B5-%D9%85%D8%AA%D8%B1%DB%8C-%D8%A7%D8%B3%D8%AA%D8%A7%D8%AF-%D9%85%D8%B9%DB%8C%D9%86/AaG0BsmA
30000000,300000000,1392,170,2,گلسار,1,3,0,1,1,1,https://divar.ir/v/%DB%B1%DB%B7%DB%B0-%D9%85%D8%AA%D8%B1-%D8%AA%DA%A9%D9%88%D8%A7%D8%AD%D8%AF-%DA%AF%D9%84%D8%B3%D8%A7%D8%B1-%D8%B3%D9%85%DB%8C%D9%87/AaGkxrLp
12000000,1600000000,1403,145,1,گلسار,1,3,1,1,1,0,https://divar.ir/v/%D8%A7%D8%AC%D8%A7%D8%B1%D9%87-%D8%A2%D9%BE%D8%A7%D8%B1%D8%AA%D9%85%D8%A7%D9%86-%DB%B1%DB%B4%DB%B5-%D9%85%D8%AA%D8%B1-%DB%B3-%D8%AE%D9%88%D8%A7%D8%A8-%DA%AF%D9%84%D8%B3%D8%A7%D8%B1-%D9%85%DA%A9%D8%AA%D8%A8-%D9%86%D8%B1%D8%AC%D8%B3/AaGY3yew
12000000,200000000,1390,60,1,گلسار,1,1,0,1,1,0,https://divar.ir/v/%D8%A7%D8%AC%D8%A7%D8%B1%D9%87-%D8%B3%D9%88%D8%A6%DB%8C%D8%AA-%D8%B1%D8%A7%D9%87-%D8%AC%D8%AF%D8%A7-%DB%B6%DB%B0-%D9%85%D8%AA%D8%B1%DB%8C-%D8%AF%D8%B1-%D8%A2%D8%B0%D8%B1-%D8%A7%D9%86%D8%AF%D8%A7%D9%85%DB%8C-%DA%AF%D9%84%D8%B3%D8%A7%D8%B1/AaHEIerl
18000000,600000000,1385,135,2,گلسار,1,3,1,1,1,0,https://divar.ir/v/%D8%A7%D8%AC%D8%A7%D8%B1%D9%87-%D8%A2%D9%BE%D8%A7%D8%B1%D8%AA%D9%85%D8%A7%D9%86-%DB%B1%DB%B3%DB%B5-%D9%85%D8%AA%D8%B1%DB%8C-%DB%B3-%D8%AE%D9%88%D8%A7%D8%A8%D9%87-%D8%AF%D8%B1-%DA%AF%D9%84%D8%B3%D8%A7%D8%B1-%D8%AF%DB%8C%D9%84%D9%85%D8%A7%D9%86/AaEoZETV
15000000,300000000,1390,110,3,گلسار,1,2,0,1,1,1,https://divar.ir/v/%D8%A7%D8%AC%D8%A7%D8%B1%D9%87-%D8%A2%D9%BE%D8%A7%D8%B1%D8%AA%D9%85%D8%A7%D9%86-%DB%B1%DB%B1%DB%B0-%D9%85%D8%AA%D8%B1%DB%8C-%DB%B2%D8%AE%D9%88%D8%A7%D8%A8-%DA%AF%D9%84%D8%B3%D8%A7%D8%B1-%D8%AF%DB%8C%D9%84%D9%85%D8%A7%D9%86/AaHYbi00
21000000,1200000000,1404,160,3,گلسار,1,3,1,1,1,0,https://divar.ir/v/%DB%B1%DB%B6%DB%B0%D9%85%D8%AA%D8%B1-%DA%AF%D9%84%D8%B3%D8%A7%D8%B1-%D8%B3%D9%87-%D8%AE%D9%88%D8%A7%D8%A8-%D9%86%D9%88%D8%B3%D8%A7%D8%B2/wZ_fWJeS
60000000,1000000000,1401,230,2,گلسار,1,4,1,1,1,1,https://divar.ir/v/%D8%A7%D8%AC%D8%A7%D8%B1%D9%87-%D8%A2%D9%BE%D8%A7%D8%B1%D8%AA%D9%85%D8%A7%D9%86-%DB%B2%DB%B3%DB%B0-%D9%85%D8%AA%D8%B1%DB%8C-%DB%B4-%D8%AE%D9%88%D8%A7%D8%A8%D9%87-%D8%AF%D8%B1-%DA%AF%D9%84%D8%B3%D8%A7%D8%B1/wZ7_WnIJ
45000000,500000000,1400,170,1,گلسار,1,3,1,1,1,1,https://divar.ir/v/%DB%B1%DB%B7%DB%B0-%D9%85%D8%AA%D8%B1-%D8%AA%DA%A9-%D9%88%D8%A7%D8%AD%D8%AF-%D8%AF%D8%B1-%DA%AF%D9%84%D8%B3%D8%A7%D8%B1-%D9%81%D9%88%D9%84-%D8%A8%D8%A7-%D9%85%D8%B3%D8%AA%D8%B1-%D9%85%D8%B7%D8%A8%D8%AE-%D9%84%D8%A7%D9%86%D8%AF%D8%B1%DB%8C/AaHAmxzO
12000000,700000000,1399,105,3,گلسار,1,2,1,1,1,0,https://divar.ir/v/%D8%A7%D9%BE%D8%A7%D8%B1%D8%AA%D9%85%D8%A7%D9%86-105%D9%85%D8%AA%D8%B1%DB%8C-%DA%AF%D9%84%D8%B3%D8%A7%D8%B1-%D8%AF%DB%8C%D9%84%D9%85%D8%A7%D9%86-%D8%A7%D8%A8%D9%88%D8%A7%D9%84%D9%82%D8%A7%D8%B3%D9%85%DB%8C-%DA%AF%D9%84%D9%81%D8%A7%D9%85/AaH0qCza
7000000,500000000,1397,90,2,گلسار,1,2,0,1,1,0,https://divar.ir/v/%D8%A7%D8%AC%D8%A7%D8%B1%D9%87-%D8%A2%D9%BE%D8%A7%D8%B1%D8%AA%D9%85%D8%A7%D9%86-%DB%B9%DB%B0%D9%85%D8%AA%D8%B1-%DB%B2%D8%AE%D9%88%D8%A7%D8%A8-%D8%A8%D9%88%D8%B3%D8%AA%D8%A7%D9%86-%D9%85%D9%84%D8%AA/AaX8YaWS
15000000,500000000,1392,95,2,گلسار,1,2,0,1,1,0,https://divar.ir/v/%D8%A7%D8%AC%D8%A7%D8%B1%D9%87-%D8%A2%D9%BE%D8%A7%D8%B1%D8%AA%D9%85%D8%A7%D9%86-%DB%B9%DB%B5-%D9%85%D8%AA%D8%B1%DB%8C-%DB%B2-%D8%AE%D9%88%D8%A7%D8%A8%D9%87-%D8%B7%D8%A8%D9%82%D9%87-%DB%B2-%D8%AF%D8%B1-%DA%AF%D9%84%D8%B3%D8%A7%D8%B1/AaXYYQai
4500000,150000000,1402,75,1,لاکانی,1,2,0,0,1,0,https://divar.ir/v/%D8%A7%D8%AC%D8%A7%D8%B1%D9%87-%D8%AE%D8%A7%D9%86%D9%87-%D9%88%DB%8C%D9%84%D8%A7%DB%8C%DB%8C-%DB%B7%DB%B5-%D9%85%D8%AA%D8%B1%DB%8C-%DB%B2-%D8%AE%D9%88%D8%A7%D8%A8%D9%87-%D8%AF%D8%B1-%D9%84%D8%A7%DA%A9%D8%A7%D9%86-%D8%B4%D9%87%D8%B1/Aahot_fL
15000000,150000000,1370,180,1,لاکانی,1,2,0,1,1,1,https://gilan-amlak.com/property/%D8%B1%D9%87%D9%86-%D9%88%DB%8C%D9%84%D8%A7%DB%8C%DB%8C-180-%D9%85%D8%AA%D8%B1%DB%8C-%D9%82%D8%A7%D8%A8%D9%84-%D8%B3%DA%A9%D9%88%D9%86%D8%AA-%D8%A8%D9%84%D9%88%D8%A7%D8%B1-%D9%84%D8%A7%DA%A9%D8%A7%D9%86%DB%8C
6500000,200000000,1397,75,2,مسکن مهر,5,2,1,0,1,1,https://divar.ir/v/%D8%A7%D8%AC%D8%A7%D8%B1%D9%87-%D8%A2%D9%BE%D8%A7%D8%B1%D8%AA%D9%85%D8%A7%D9%86-%DB%B7%DB%B5-%D9%85%D8%AA%D8%B1%DB%8C-%DB%B2-%D8%AE%D9%88%D8%A7%D8%A8%D9%87-%D8%AF%D8%B1-%D9%85%D8%B3%DA%A9%D9%86-%D9%85%D9%87%D8%B1-%D9%81%D8%A7%D8%B2-%DB%B1/wZ_DdPQk
8000000,150000000,1397,78,1,مسکن مهر,5,2,1,1,1,1,https://divar.ir/v/%D8%A7%D8%AC%D8%A7%D8%B1%D9%87-%D8%A2%D9%BE%D8%A7%D8%B1%D8%AA%D9%85%D8%A7%D9%86-%DB%B7%DB%B8-%D9%85%D8%AA%D8%B1%DB%8C-%DB%B2-%D8%AE%D9%88%D8%A7%D8%A8%D9%87-%D9%88%D8%A7%D9%82%D8%B9-%D8%AF%D8%B1%D9%85%D8%B3%DA%A9%D9%86-%D9%85%D9%87%D8%B1/AaHsrB62
8000000,220000000,1401,78,3,مسکن مهر,5,2,1,1,1,1,https://divar.ir/v/%D8%A7%D8%AC%D8%A7%D8%B1%D9%87-%D9%88%D8%A7%D8%AD%D8%AF-%D9%85%D8%B3%DA%A9%D9%86-%D9%85%D9%87%D8%B1-%D9%85%DB%8C%D8%AF%D8%A7%D9%86-%D8%AF%D9%88%D9%85-%D8%A8%D8%B1%D8%AE%DB%8C%D8%A7%D8%A8%D8%A7%D9%86/AaHcLK-R
4500000,300000000,1390,75,3,معلم,3,2,0,1,1,0,https://divar.ir/v/%D8%A7%D8%AC%D8%A7%D8%B1%D9%87-%D8%A2%D9%BE%D8%A7%D8%B1%D8%AA%D9%85%D8%A7%D9%86-%D9%85%D8%B9%D9%84%D9%85-%D8%B9%D9%84%DB%8C-%D8%A2%D8%A8%D8%A7%D8%AF/AaFY_REY
4500000,300000000,1390,75,3,معلم,3,2,0,1,1,0,https://divar.ir/v/%D8%A7%D8%AC%D8%A7%D8%B1%D9%87-%D8%A2%D9%BE%D8%A7%D8%B1%D8%AA%D9%85%D8%A7%D9%86-%D9%85%D8%B9%D9%84%D9%85-%D8%B9%D9%84%DB%8C-%D8%A2%D8%A8%D8%A7%D8%AF/AaFY_REY
7500000,650000000,1400,105,4,معلم,3,2,1,1,1,0,https://divar.ir/v/%DB%B1%DB%B0%DB%B5-%D9%85%D8%AA%D8%B1-%D9%85%D8%B3%DA%A9%D9%88%D9%86%DB%8C-%D9%81%D9%88%D9%84-%D8%A7%D9%85%DA%A9%D8%A7%D9%86%D8%A7%D8%AA-%D9%85%D8%B9%D9%84%D9%85/wZiXXMJ6
13000000,200000000,1396,80,4,معلم,3,2,0,0,1,0,https://divar.ir/v/%D8%A7%D8%AC%D8%A7%D8%B1%D9%87-%D8%A2%D9%BE%D8%A7%D8%B1%D8%AA%D9%85%D8%A7%D9%86-%D8%B4%DB%8C%DA%A9-%D9%88%D8%AA%D9%85%DB%8C%D8%B2-%D8%AF%D8%B1-%D9%85%D8%B9%D9%84%D9%85/AaHspSHo
12000000,300000000,1393,85,4,معلم,3,2,1,1,1,1,https://divar.ir/v/%D8%A7%D8%AC%D8%A7%D8%B1%D9%87-%D9%88%D8%A7%D8%AD%D8%AF-85%D9%85%D8%AA%D8%B1%DB%8C-2%D8%AE%D9%88%D8%A7%D8%A8-%D8%AF%D8%B1-%D8%B3%D8%B1%DA%AF%D9%84-%D8%AE-%D8%B1%D8%B3%D9%88%D9%84-%D8%B2%D8%A7%D8%AF%D9%87/AaHMb1Pw
5000000,250000000,1389,75,3,معلم,3,2,0,1,1,0,https://mrestate.ir/s/IBbTj
11500000,200000000,1394,70,2,معلم,3,2,0,1,1,0,https://divar.ir/v/%D8%A7%D8%AC%D8%A7%D8%B1%D9%87-%D8%A2%D9%BE%D8%A7%D8%B1%D8%AA%D9%85%D8%A7%D9%86-%D8%AF%D8%B1-%D9%85%D8%B9%D9%84%D9%85-%D9%81%D9%84%D8%A7%D8%AD%D8%AA%DB%8C/wZ_Hr2Hi
10000000,300000000,1390,90,2,معلم,3,2,0,1,1,0,https://divar.ir/v/%D8%A7%D8%AC%D8%A7%D8%B1%D9%87-%D8%A2%D9%BE%D8%A7%D8%B1%D8%AA%D9%85%D8%A7%D9%86-%DB%B9%DB%B0-%D9%85%D8%AA%D8%B1%DB%8C-%DB%B2-%D8%AE%D9%88%D8%A7%D8%A8%D9%87-%D8%B7%D8%A8%D9%82%D9%87-%DB%B2-%D8%AF%D8%B1-%D9%85%D8%B9%D9%84%D9%85/AaPMk5kW
12000000,400000000,1401,107,1,منظریه,1,2,1,1,1,0,https://divar.ir/v/%D8%A7%D9%BE%D8%A7%D8%B1%D8%AA%D9%85%D8%A7%D9%86-%D8%B3%D9%87-%D8%B7%D8%A8%D9%82%D9%87-%DB%B3%D9%88%D8%A7%D8%AD%D8%AF-%D8%B7%D8%A8%D9%82%D9%87-%D8%A7%D9%88%D9%84/AaHkqVGE
30000000,2000000000,1395,220,4,منظریه,1,3,1,0,1,1,.https://gilan-amlak.com/property/%D8%B1%D9%87%D9%86-%D8%A2%D9%BE%D8%A7%D8%B1%D8%AA%D9%85%D8%A7%D9%86-220-%D9%85%D8%AA%D8%B1%DB%8C-%D9%81%D9%88%D9%84-%D8%A7%D9%85%DA%A9%D8%A7%D9%86%D8%A7%D8%AA--%D9%85%D9%86%D8%B8%D8%B1%DB%8C%D9%87
2000000,200000000,1390,40,1,نامجو,2,1,0,0,1,0,https://divar.ir/v/%D8%B3%D9%88%DB%8C%DB%8C%D8%AA-%DB%B4%DB%B0-%D9%85%D8%AA%D8%B1%DB%8C-%D8%A8%D9%84%D9%88%D8%A7%D8%B1-%D9%84%D8%A7%DA%A9%D8%A7%D9%86-%DA%A9%D9%88%DA%86%D9%87-%D8%B4%D9%87%DB%8C%D8%AF-%D8%B1%D8%AC%D8%A7%DB%8C%DB%8C/AaH8Kono
5500000,400000000,1392,75,2,نیروی دریایی,4,2,0,1,1,0,https://divar.ir/v/%D8%A7%D8%AC%D8%A7%D8%B1%D9%87-%D8%A2%D9%BE%D8%A7%D8%B1%D8%AA%D9%85%D8%A7%D9%86-%D9%84%D9%88%DA%A9%D8%B3-%D9%88-%D9%85%D9%86%D8%A7%D8%B3%D8%A8-%D8%AF%D8%B1-%D9%86%DB%8C%D8%B1%D9%88%DB%8C-%D8%AF%D8%B1%DB%8C%D8%A7%DB%8C%DB%8C/AaHM3UeM
4000000,300000000,1400,200,1,4,4,2,0,0,1,1,
5900000,250000000,1399,80,2,یخ سازی,4,2,0,1,1,1,https://divar.ir/v/%D8%A7%D8%AC%D8%A7%D8%B1%D9%87-%D8%A2%D9%BE%D8%A7%D8%B1%D8%AA%D9%85%D8%A7%D9%86-%DB%B8%DB%B0-%D9%85%D8%AA%D8%B1%DB%8C-%DB%B2-%D8%AE%D9%88%D8%A7%D8%A8%D9%87-%D8%B7%D8%A8%D9%82%D9%87-%DB%B2-%D8%AF%D8%B1-%DB%8C%D8%AE%D8%B3%D8%A7%D8%B2%DB%8C/AaFce1uT
8000000,250000000,1386,136,1,یخ سازی,4,3,0,1,1,0,https://divar.ir/v/%D8%A7%D8%AC%D8%A7%D8%B1%D9%87-%D8%A2%D9%BE%D8%A7%D8%B1%D8%AA%D9%85%D8%A7%D9%86-%DB%B1%DB%B3%DB%B6-%D9%85%D8%AA%D8%B1%DB%8C-%DB%B3-%D8%AE%D9%88%D8%A7%D8%A8%D9%87-%D8%B7%D8%A8%D9%82%D9%87-%DB%B1-%D8%AF%D8%B1-%DB%8C%D8%AE%D8%B3%D8%A7%D8%B2%DB%8C/AaFcOVtG
12000000,150000000,1403,130,1,یخ سازی,4,2,0,1,1,0,https://divar.ir/v/%D9%88%D8%A7%D8%AD%D8%AF-130%D9%85%D8%AA%D8%B1%DB%8C-%D9%87%D9%85%DA%A9%D9%81-%D8%A8%D8%B1%D8%AE%DB%8C%D8%A7%D8%A8%D9%88%D9%86-%D9%BE%D8%A7%D8%B1%DA%A9%DB%8C%D9%86%DA%AF-%DA%A9%D9%88%D9%84%D8%B1-%D8%AF%D8%A7%D8%B1%D9%87/wZzbbZF9
7000000,300000000,1383,80,2,یخ سازی,4,2,0,1,1,0,https://divar.ir/v/%D8%A7%D8%AC%D8%A7%D8%B1%D9%87-%D8%A2%D9%BE%D8%A7%D8%B1%D8%AA%D9%85%D8%A7%D9%86-%DB%B8%DB%B0-%D9%85%D8%AA%D8%B1%DB%8C-%DB%B2-%D8%AE%D9%88%D8%A7%D8%A8%D9%87-%D8%B7%D8%A8%D9%82%D9%87-%DB%B2-%D8%AF%D8%B1-%DB%8C%D8%AE%D8%B3%D8%A7%D8%B2%DB%8C/AaHoI7jq
7000000,300000000,1383,80,2,یخ سازی,4,2,0,1,1,0,https://divar.ir/v/%D8%A7%D8%AC%D8%A7%D8%B1%D9%87-%D8%A2%D9%BE%D8%A7%D8%B1%D8%AA%D9%85%D8%A7%D9%86-%DB%B8%DB%B0-%D9%85%D8%AA%D8%B1%DB%8C-%DB%B2-%D8%AE%D9%88%D8%A7%D8%A8%D9%87-%D8%B7%D8%A8%D9%82%D9%87-%DB%B2-%D8%AF%D8%B1-%DB%8C%D8%AE%D8%B3%D8%A7%D8%B2%DB%8C/AaHoI7jq
5500000,200000000,1392,55,1,یخ سازی,4,1,1,0,1,0,https://divar.ir/v/%D8%A7%D8%AC%D8%A7%D8%B1%D9%87-%D8%B3%D9%88%DB%8C%DB%8C%D8%AA-%D9%85%D8%B3%D8%AA%D9%82%D9%84-%D8%B3%D9%85%D8%AA-%D8%B1%D8%B4%D8%AA%DB%8C%D8%A7%D9%86/wZzbsE0-
1500000,250000000,1392,55,1,یخ سازی,4,1,0,1,0,1,https://divar.ir/v/%D8%A7%D8%AC%D8%A7%D8%B1%D9%87-%D8%B3%D9%88%D8%A6%DB%8C%D8%AA-%DB%B5%DB%B5-%D9%85%D8%AA%D8%B1%DB%8C-%DB%8C%D8%AE%D8%B3%D8%A7%D8%B2%DB%8C-%DA%A9%D9%88%DA%86%D9%87-%D9%87%D8%AC%D8%AF%D9%87%D9%85/AaXcoqQY
10000000,450000000,1400,83,4,گلسار,1,2,1,1,1,1,https://divar.ir/v/%D8%A7%D8%AC%D8%A7%D8%B1%D9%87-%D8%A2%D9%BE%D8%A7%D8%B1%D8%AA%D9%85%D8%A7%D9%86-%DB%B8%DB%B3-%D9%85%D8%AA%D8%B1%DB%8C-%DB%B2-%D8%AE%D9%88%D8%A7%D8%A8%D9%87-%D8%AF%D8%B1-%DA%AF%D9%84%D8%B3%D8%A7%D8%B1-%D9%88%D8%B5%D8%A7%D9%84/AahcxxVE
3000000,60000000,1395,55,1,عینک,4,1,0,1,1,0,https://divar.ir/v/%D8%A7%D8%AC%D8%A7%D8%B1%D9%87-%D8%AE%D8%A7%D9%86%D9%87-%D9%88%DB%8C%D9%84%D8%A7%DB%8C%DB%8C-%DB%B5%DB%B5-%D9%85%D8%AA%D8%B1%DB%8C-%DB%B1-%D8%AE%D9%88%D8%A7%D8%A8%D9%87-%D8%AF%D8%B1-%D8%B9%DB%8C%D9%86%DA%A9/AalQh9WW
16000000,500000000,1404,105,3,گلسار,1,2,1,1,1,1,https://divar.ir/v/%D8%A7%D8%AC%D8%A7%D8%B1%D9%87-%D8%A2%D9%BE%D8%A7%D8%B1%D8%AA%D9%85%D8%A7%D9%86-%DB%B1%DB%B0%DB%B5-%D9%85%D8%AA%D8%B1%DB%8C-%DB%B2-%D8%AE%D9%88%D8%A7%D8%A8%D9%87-%D9%86%D9%88%D8%B3%D8%A7%D8%B2-%D9%81%D9%88%D9%84-%D8%AF%D8%B1-%D8%A8%D9%88%D8%B3%D8%A7%D8%B1/AaSczgTB
10000000,200000000,1388,120,1,کوی فکوری,4,2,0,1,1,0,https://divar.ir/v/%D9%88%D8%A7%D8%AD%D8%AF-%D9%85%D8%B3%D8%AA%D9%82%D9%84-%D9%88%DB%8C%D9%84%D8%A7%DB%8C%DB%8C-%DB%B1%DB%B2%DB%B0-%D9%85%D8%AA%D8%B1-%D9%BE%D8%A7%D8%B1%DA%A9%DB%8C%D9%86%DA%AF-%D8%AA%D9%88%D8%B4%DB%8C%D8%A8%D8%A7/wZ-3FCvE
4000000,120000000,1398,55,1,آزادی,2,1,0,0,0,0,https://divar.ir/v/%D8%A7%D8%AC%D8%A7%D8%B1%D9%87-%D8%B7%D8%A8%D9%82%D9%87-%D8%A8%D8%A7%D9%84%D8%A7-%DB%B5%DB%B5-%D9%85%D8%AA%D8%B1%DB%8C-%DB%B1-%D8%AE%D9%88%D8%A7%D8%A8%D9%87-%D8%AD%D9%85%DB%8C%D8%AF%DB%8C%D8%A7%D9%86-%D8%AE-%DA%AF%D9%84%D8%B3%D8%AA%D8%A7%D9%86/AarA2NsX
3000000,270000000,1392,85,2,نیروی دریایی,4,2,0,0,0,0,https://divar.ir/v/%D8%A7%D8%AC%D8%A7%D8%B1%D9%87-%D8%A2%D9%BE%D8%A7%D8%B1%D8%AA%D9%85%D8%A7%D9%86-%DB%B8%DB%B5-%D9%85%D8%AA%D8%B1%DB%8C-%DB%B2-%D8%AE%D9%88%D8%A7%D8%A8%D9%87-%D8%B7%D8%A8%D9%82%D9%87-%D9%86%DB%8C%D8%B1%D9%88%DB%8C-%D8%AF%D8%B1%DB%8C%D8%A7%DB%8C%DB%8C/Aar4FxcF
5000000,200000000,1396,75,3,کوی مهر,5,2,0,1,1,0,https://divar.ir/v/%D8%A7%D8%AC%D8%A7%D8%B1%D9%87-%D8%A2%D9%BE%D8%A7%D8%B1%D8%AA%D9%85%D8%A7%D9%86-%DB%B7%DB%B5-%D9%85%D8%AA%D8%B1-%D9%85%D8%B3%DA%A9%D9%86-%D9%85%D9%87%D8%B1/AarYFmpn
12000000,500000000,1402,85,4,گلسار,1,2,1,1,1,1,https://divar.ir/v/%D8%B1%D9%87%D9%86-%D9%88-%D8%A7%D8%AC%D8%A7%D8%B1%D9%87-%D8%A2%D9%BE%D8%A7%D8%B1%D8%AA%D9%85%D8%A7%D9%86-85-%D9%85%D8%AA%D8%B1%DB%8C-%D8%B1%D8%B4%D8%AA-%DA%AF%D9%84%D8%B3%D8%A7%D8%B1/AarkF6bQ
1500000,250000000,1392,55,1,یخ سازی,4,1,0,1,0,0,https://divar.ir/v/%D8%A7%D8%AC%D8%A7%D8%B1%D9%87-%D8%B3%D9%88%D8%A6%DB%8C%D8%AA-%DB%B5%DB%B5-%D9%85%D8%AA%D8%B1%DB%8C-%DB%8C%D8%AE%D8%B3%D8%A7%D8%B2%DB%8C-%DA%A9%D9%88%DA%86%D9%87-%D9%87%D8%AC%D8%AF%D9%87%D9%85/AaXcoqQY
6000000,520000000,1390,100,3,گلسار,1,2,0,1,1,0,https://divar.ir/v/%D8%A7%D8%AC%D8%A7%D8%B1%D9%87-%D8%A2%D9%BE%D8%A7%D8%B1%D8%AA%D9%85%D8%A7%D9%86-%DB%B1%DB%B0%DB%B0-%D9%85%D8%AA%D8%B1%DB%8C-%DB%B2-%D8%AE%D9%88%D8%A7%D8%A8%D9%87-%D8%B7%D8%A8%D9%82%D9%87-%DB%B3-%D8%AF%D8%B1-%DA%AF%D9%84%D8%B3%D8%A7%D8%B1/Aarg1Po6